Participant,Task,Saccade Count,Total Saccade Duration [ms],Average Saccade Duration [ms],Average Saccade Distance [px]
100,rectangle_java.jpg,46,53269.213,1158.0263695652175,178.063544720791
100,mupliple_choice_rectangle.jpg,45,16970.361999999994,377.11915555555544,189.54408349658846
100,vehicle_java.jpg,313,130567.07899999994,417.147217252396,152.232501310932
100,mupliple_choice_vehicle.jpg,55,18458.737,335.6134,135.3899529457108
101,rectangle_java2.jpg,32,40999.41299999999,1281.2316562499998,206.21141660177494
101,mupliple_choice_rectangle.jpg,33,29098.102,881.7606666666667,138.10101725835227
101,vehicle_java2.jpg,251,208864.05000000022,832.1276892430287,122.54620337186753
101,mupliple_choice_vehicle.jpg,51,31301.820000000007,613.7611764705883,157.07200851635653
102,vehicle_java.jpg,1,26962.63,26962.63,305.9238614426799
102,mupliple_choice_vehicle.jpg,61,33898.271000000015,555.709360655738,111.3854156775367
102,rectangle_java.jpg,5,60337.649999999994,12067.529999999999,310.20879850260997
102,mupliple_choice_rectangle.jpg,0,0.0,0.0,0.0
103,vehicle_java.jpg,58,71183.17999999998,1227.2962068965514,159.59927870268297
103,mupliple_choice_vehicle.jpg,0,0.0,0.0,0.0
103,rectangle_java.jpg,10,41700.429000000004,4170.0429,331.1091520546503
103,mupliple_choice_rectangle.jpg,7,27197.488000000005,3885.3554285714295,361.85328809511486
104,rectangle_java.jpg,26,88524.41999999998,3404.785384615384,159.6486828199463
104,mupliple_choice_rectangle.jpg,25,32386.815,1295.4726,220.0357914014842
104,vehicle_java.jpg,12,116851.42599999999,9737.618833333332,406.86893331512033
104,mupliple_choice_vehicle.jpg,47,40761.18999999999,867.2593617021274,101.71335047583852
105,rectangle_java2.jpg,22,33823.71000000001,1537.441363636364,203.3798024333107
105,mupliple_choice_rectangle.jpg,55,30001.52599999999,545.4822909090907,175.75558428314935
105,vehicle_java2.jpg,36,36132.948999999986,1003.6930277777774,118.70818925851073
105,mupliple_choice_vehicle.jpg,61,28210.033999999996,462.4595737704917,152.06931398609052
106,vehicle_java2.jpg,37,74918.596,2024.826918918919,229.75279957327075
106,mupliple_choice_vehicle.jpg,18,20874.52300000001,1159.6957222222227,267.0241322293244
106,rectangle_java2.jpg,12,24798.24,2066.52,147.36223435549752
106,mupliple_choice_rectangle.jpg,29,39761.297,1371.0792068965516,182.77347922107813
107,rectangle_java.jpg,130,60198.87100000003,463.06823846153867,114.08961628962096
107,mupliple_choice_rectangle.jpg,44,17047.729999999996,387.448409090909,124.93748942841702
107,vehicle_java.jpg,23,25041.647000000004,1088.7672608695655,175.85109962296303
107,mupliple_choice_vehicle.jpg,31,13518.752999999999,436.08880645161287,158.0767617840881
108,vehicle_java2.jpg,16,32725.885000000002,2045.3678125000001,279.21315604984136
108,mupliple_choice_vehicle.jpg,5,6023.657000000001,1204.7314000000001,100.4417634464044
108,rectangle_java2.jpg,30,41321.047,1377.3682333333334,181.82334857814337
108,mupliple_choice_rectangle.jpg,8,5539.6370000000015,692.4546250000002,166.7103334596558
109,vehicle_python.jpg,127,33581.585999999996,264.42193700787396,82.74050344774952
109,mupliple_choice_vehicle.jpg,93,25138.175999999996,270.30296774193545,118.169703369894
109,rectangle_python.jpg,118,34549.64199999999,292.7935762711864,88.47291132581087
109,mupliple_choice_rectangle.jpg,101,21342.549,211.31236633663366,86.43916063732028
10,rectangle_java.jpg,53,31685.17,597.8333962264151,147.62698932269117
10,mupliple_choice_rectangle.jpg,23,16626.556,722.8937391304348,214.8644404210646
10,vehicle_java.jpg,69,36448.92200000001,528.2452463768118,103.37861181438352
10,mupliple_choice_vehicle.jpg,36,15606.639000000001,433.51775000000004,97.94361724987112
110,rectangle_java2.jpg,54,30793.757000000005,570.2547592592593,120.66974947731703
110,mupliple_choice_rectangle.jpg,40,26654.196999999996,666.3549249999999,126.66574314937752
110,vehicle_java2.jpg,33,25461.9,771.5727272727273,115.67774051001646
110,mupliple_choice_vehicle.jpg,18,15198.99,844.3883333333333,135.78980184449676
111,vehicle_java.jpg,20,38054.46500000001,1902.7232500000005,191.6606527781819
111,mupliple_choice_vehicle.jpg,15,20894.481,1392.9654,220.26672218776494
111,rectangle_java.jpg,11,44968.051999999996,4088.004727272727,194.09268382293646
111,mupliple_choice_rectangle.jpg,6,16201.605000000001,2700.2675000000004,237.05544211241747
112,rectangle_java2.jpg,159,45563.17,286.5608176100629,81.53101046153772
112,mupliple_choice_rectangle.jpg,56,23275.039,415.6256964285714,103.3239676413705
112,vehicle_java2.jpg,114,55077.424999999996,483.1353070175438,90.65912396235933
112,mupliple_choice_vehicle.jpg,64,25515.769999999986,398.6839062499998,80.5073688020049
113,rectangle_java.jpg,93,73402.90900000001,789.2785913978496,162.75650479629337
113,mupliple_choice_rectangle.jpg,293,143333.93400000004,489.1943139931742,102.52644953514424
113,vehicle_java.jpg,71,56313.46899999997,793.1474507042249,133.83117728597952
113,mupliple_choice_vehicle.jpg,17,11023.411999999998,648.4359999999999,155.6438375973489
114,rectangle_java2.jpg,11,18886.641000000003,1716.9673636363639,274.3217266291241
114,mupliple_choice_rectangle.jpg,27,31573.609,1169.392925925926,217.55341856174903
114,vehicle_java2.jpg,45,25042.310999999998,556.4957999999999,129.82207119945133
114,mupliple_choice_vehicle.jpg,14,9638.554,688.4681428571429,181.48802891516902
115,rectangle_java2.jpg,121,33356.226,275.67128925619835,75.12848382879417
115,mupliple_choice_rectangle.jpg,125,32937.609999999986,263.5008799999999,95.29051452198264
115,vehicle_java2.jpg,186,63953.73300000003,343.8372741935485,97.35676572652837
115,mupliple_choice_vehicle.jpg,123,37669.401,306.25529268292684,76.5197716276839
116,vehicle_java2.jpg,140,44705.06800000002,319.32191428571446,70.92278807359548
116,mupliple_choice_vehicle.jpg,38,15655.442999999996,411.98534210526304,97.74697175336672
116,rectangle_java2.jpg,90,28997.811999999994,322.19791111111107,63.31183997110918
116,mupliple_choice_rectangle.jpg,14,5656.563,404.0402142857143,169.91340587001852
117,vehicle_java2.jpg,228,97167.91699999997,426.1750745614034,81.98775552702178
117,mupliple_choice_vehicle.jpg,161,37797.21,234.76527950310557,60.91116446226224
117,rectangle_java2.jpg,149,87888.79400000002,589.8576778523492,99.22483649133727
117,mupliple_choice_rectangle.jpg,67,13436.047000000004,200.5380149253732,50.2064889387701
118,rectangle_java.jpg,131,61355.49199999999,468.362534351145,131.28290321163252
118,mupliple_choice_rectangle.jpg,19,11227.233999999999,590.9070526315788,81.7869895465091
118,vehicle_java.jpg,106,32981.66300000001,311.1477641509435,106.6160360872366
118,mupliple_choice_vehicle.jpg,55,21036.566000000006,382.4830181818183,94.08897593957718
119,rectangle_java.jpg,0,0.0,0.0,0.0
119,mupliple_choice_rectangle.jpg,1,7071.803,7071.803,345.8684379934081
119,vehicle_java.jpg,3,17570.622,5856.874,406.563672346327
119,mupliple_choice_vehicle.jpg,5,7911.530999999998,1582.3061999999995,180.65458631367432
11,vehicle_java.jpg,14,43076.395,3076.8853571428567,245.58049381709358
11,mupliple_choice_vehicle.jpg,0,0.0,0.0,0.0
11,rectangle_java.jpg,10,31365.436,3136.5436,177.15490080210031
11,mupliple_choice_rectangle.jpg,27,37912.75399999999,1404.1760740740738,188.69200717237362
120,rectangle_java.jpg,108,53095.54799999999,491.6254444444443,105.11047782890743
120,mupliple_choice_rectangle.jpg,9,16877.049999999996,1875.2277777777772,360.14291369985733
120,vehicle_java.jpg,132,55559.351999999984,420.9041818181817,99.80342222759064
120,mupliple_choice_vehicle.jpg,11,11845.312,1076.8465454545455,185.16263976970515
121,vehicle_java2.jpg,97,26118.209999999995,269.25989690721644,78.32347543180728
121,mupliple_choice_vehicle.jpg,24,7395.438999999997,308.1432916666665,162.63501115920812
121,rectangle_java2.jpg,93,41997.20900000002,451.5828924731185,109.81443971583546
121,mupliple_choice_rectangle.jpg,12,4391.620999999999,365.9684166666666,123.60883288265364
122,vehicle_java2.jpg,173,42954.85699999998,248.29397109826579,53.73157799080073
122,mupliple_choice_vehicle.jpg,187,44537.29299999998,238.1673422459892,59.22614932226368
122,rectangle_java2.jpg,112,21378.530000000006,190.8797321428572,35.0256119772189
122,mupliple_choice_rectangle.jpg,130,18862.902000000013,145.09924615384625,33.5744152106873
123,rectangle_java.jpg,34,38631.543,1136.2218529411764,130.71517181930324
123,mupliple_choice_rectangle.jpg,43,31146.01000000001,724.3258139534886,205.91102005524965
123,vehicle_java.jpg,34,29981.833000000006,881.818617647059,219.81310232992396
123,mupliple_choice_vehicle.jpg,30,24144.914000000004,804.8304666666668,142.23143593327185
124,vehicle_java2.jpg,63,83701.91500000001,1328.6018253968255,161.07669868515293
124,mupliple_choice_vehicle.jpg,5,6103.6939999999995,1220.7387999999999,182.3989572900004
124,rectangle_java2.jpg,46,99121.816,2154.822086956522,159.6230441566311
124,mupliple_choice_rectangle.jpg,11,14894.915,1354.0831818181819,243.40703605502858
125,rectangle_java.jpg,2,23629.951000000005,11814.975500000002,136.6635482770401
125,mupliple_choice_rectangle.jpg,5,18446.703999999998,3689.3407999999995,241.6835837092849
125,vehicle_java.jpg,6,68358.34700000001,11393.057833333334,177.08153565647396
125,mupliple_choice_vehicle.jpg,9,18130.463,2014.4958888888889,207.5636354265004
126,vehicle_java2.jpg,184,74193.30799999995,403.2244999999997,121.94815361801835
126,mupliple_choice_vehicle.jpg,32,16803.779000000006,525.1180937500002,172.43125632705917
126,rectangle_java2.jpg,146,60484.043,414.27426712328764,78.53589168022441
126,mupliple_choice_rectangle.jpg,35,15441.514,441.18611428571427,151.26369399089137
127,rectangle_java2.jpg,15,31381.894,2092.1262666666667,162.79325906703917
127,mupliple_choice_rectangle.jpg,10,17510.772,1751.0772000000002,96.1613725461003
127,vehicle_java2.jpg,19,38405.598000000005,2021.347263157895,166.2457655264
127,mupliple_choice_vehicle.jpg,14,17506.818999999996,1250.4870714285712,183.6217398861964
128,rectangle_java2.jpg,115,53176.33200000002,462.4028869565219,101.9371093979707
128,mupliple_choice_rectangle.jpg,141,49996.64899999999,354.58616312056733,111.86838659561612
128,vehicle_java2.jpg,360,128428.12799999998,356.74479999999994,86.86944082201313
128,mupliple_choice_vehicle.jpg,70,21154.679000000004,302.20970000000005,108.04840029051658
129,rectangle_java2.jpg,4,16481.369,4120.34225,172.07833075752887
129,mupliple_choice_rectangle.jpg,6,32778.638000000006,5463.106333333334,430.71556950367557
129,vehicle_java2.jpg,3,15418.936,5139.645333333333,155.3679243247816
129,mupliple_choice_vehicle.jpg,9,44452.243,4939.138111111111,264.67490464034853
12,vehicle_java2.jpg,305,91837.79899999994,301.10753770491783,64.58712307018092
12,mupliple_choice_vehicle.jpg,81,24826.368999999988,306.4983827160492,111.34065202169523
12,rectangle_java2.jpg,90,34401.749,382.2416555555556,87.18916477500673
12,mupliple_choice_rectangle.jpg,141,49656.562,352.1741985815603,105.18543758548249
130,vehicle_java.jpg,2,12350.859,6175.4295,475.0749768868521
130,mupliple_choice_vehicle.jpg,1,2458.403,2458.403,249.80734096499248
130,rectangle_java.jpg,0,0.0,0.0,0.0
130,mupliple_choice_rectangle.jpg,0,0.0,0.0,0.0
131,vehicle_java.jpg,180,79699.75499999995,442.77641666666636,115.67045021989814
131,mupliple_choice_vehicle.jpg,85,23451.094,275.8952235294118,104.69690905033862
131,rectangle_java.jpg,127,66354.49200000003,522.4763149606301,134.06439848845613
131,mupliple_choice_rectangle.jpg,50,24154.228000000006,483.0845600000001,186.18961549467386
132,rectangle_java2.jpg,95,105941.051,1115.1689578947369,172.9676184666691
132,mupliple_choice_rectangle.jpg,30,35212.937000000005,1173.764566666667,165.0147245652415
132,vehicle_java2.jpg,66,75306.77100000001,1141.0116818181818,136.1059795509496
132,mupliple_choice_vehicle.jpg,10,9687.442000000001,968.7442000000001,215.64482496326363
133,rectangle_java2.jpg,18,50472.568999999996,2804.031611111111,145.84449738886
133,mupliple_choice_rectangle.jpg,17,36241.543,2131.855470588235,232.66531281455295
133,vehicle_java2.jpg,20,66387.23999999999,3319.3619999999996,168.4126585512339
133,mupliple_choice_vehicle.jpg,10,58988.653,5898.8652999999995,179.33283956782643
134,rectangle_java2.jpg,33,19838.251999999997,601.1591515151514,106.11190613672359
134,mupliple_choice_rectangle.jpg,10,7151.539,715.1539,184.44243511039346
134,vehicle_java2.jpg,20,10875.135,543.75675,162.07863794611782
134,mupliple_choice_vehicle.jpg,16,11579.167999999998,723.6979999999999,255.77669691138757
135,rectangle_java2.jpg,29,56607.842,1951.9945517241379,172.44288129914554
135,mupliple_choice_rectangle.jpg,32,52032.25299999999,1626.0079062499997,180.33706856923862
135,vehicle_java2.jpg,84,126669.40199999999,1507.9690714285712,165.59808309078247
135,mupliple_choice_vehicle.jpg,15,68749.28799999999,4583.285866666666,310.5336153291949
136,vehicle_java2.jpg,31,55694.70999999998,1796.603548387096,117.3357280565153
136,mupliple_choice_vehicle.jpg,20,9919.465,495.97325,106.14366729568697
136,rectangle_java2.jpg,44,72110.89799999999,1638.8840454545452,122.1638818768898
136,mupliple_choice_rectangle.jpg,21,18595.343999999994,885.4925714285712,123.62611247185866
137,vehicle_java.jpg,29,37529.444,1294.1187586206897,147.06282510748963
137,mupliple_choice_vehicle.jpg,25,27757.95,1110.318,176.5692514012522
137,rectangle_java.jpg,19,17262.814000000002,908.5691578947369,72.52953349454103
137,mupliple_choice_rectangle.jpg,26,29650.180000000008,1140.3915384615389,168.20568619181626
138,rectangle_java2.jpg,132,32945.523,249.58729545454545,82.20226882247951
138,mupliple_choice_rectangle.jpg,122,32312.281999999992,264.8547704918032,84.55011779380654
138,vehicle_java2.jpg,129,37829.565999999984,293.252449612403,75.3943487766724
138,mupliple_choice_vehicle.jpg,85,19826.515000000003,233.25311764705887,80.60355260970653
139,rectangle_java2.jpg,109,23713.85900000002,217.55833944954145,65.4896636819795
139,mupliple_choice_rectangle.jpg,91,18126.485999999997,199.19215384615381,87.50855822587901
139,vehicle_java2.jpg,112,22974.474,205.12923214285712,65.66035167170493
139,mupliple_choice_vehicle.jpg,83,14423.060999999996,173.7718192771084,66.61912327645213
13,rectangle_java2.jpg,226,59626.94799999997,263.836053097345,73.58403167747537
13,mupliple_choice_rectangle.jpg,29,13902.792,479.40662068965514,135.81601706276868
13,vehicle_java2.jpg,523,131836.71999999997,252.07785850860415,65.41644343892261
13,mupliple_choice_vehicle.jpg,53,12374.957999999999,233.48977358490563,89.1537149263531
140,vehicle_java2.jpg,74,49872.58199999998,673.9538108108105,118.1911899715645
140,mupliple_choice_vehicle.jpg,31,23822.376,768.4637419354839,145.72061805481334
140,rectangle_java2.jpg,41,25454.275000000005,620.8359756097562,145.18748529633777
140,mupliple_choice_rectangle.jpg,51,37077.48500000001,727.0095098039217,107.98726492406219
141,vehicle_java2.jpg,184,55819.49199999997,303.3668043478259,86.52690012189122
141,mupliple_choice_vehicle.jpg,63,20882.304,331.46514285714284,102.50261637742298
141,rectangle_java2.jpg,230,60131.54299999999,261.4414913043478,72.03917469341174
141,mupliple_choice_rectangle.jpg,70,18246.622999999996,260.6660428571428,74.6208612223219
142,vehicle_java2.jpg,103,42325.14,410.92368932038835,108.4242127823526
142,mupliple_choice_vehicle.jpg,165,36729.66700000001,222.60404242424246,54.83139779144399
142,rectangle_java2.jpg,228,70983.07799999996,311.32928947368407,75.99200875498379
142,mupliple_choice_rectangle.jpg,135,27718.204,205.32002962962963,65.9086721728638
143,vehicle_java2.jpg,323,42109.37100000001,130.36956965944273,50.687558088663444
143,mupliple_choice_vehicle.jpg,549,78782.62200000003,143.50204371584707,58.932154328496914
143,rectangle_java2.jpg,173,25122.166999999994,145.21483815028898,54.95011880111394
143,mupliple_choice_rectangle.jpg,139,14006.922000000002,100.76922302158275,42.46634576338617
144,vehicle_java.jpg,71,44344.21699999999,624.5664366197182,117.02112133746667
144,mupliple_choice_vehicle.jpg,18,7731.526,429.5292222222222,128.1691520031143
144,rectangle_java.jpg,56,33129.007999999994,591.5894285714285,149.41289208649115
144,mupliple_choice_rectangle.jpg,20,15902.715,795.13575,124.960188117888
145,rectangle_java2.jpg,41,76284.98400000001,1860.6093658536588,139.11044635248973
145,mupliple_choice_rectangle.jpg,5,13706.836999999998,2741.3673999999996,253.60141778930665
145,vehicle_java2.jpg,28,79706.32900000001,2846.6546071428575,151.86712504090607
145,mupliple_choice_vehicle.jpg,13,24630.394,1894.6456923076923,247.8660177485523
146,rectangle_java.jpg,23,29117.444000000007,1265.9758260869569,207.59223444088093
146,mupliple_choice_rectangle.jpg,28,20982.003999999994,749.3572857142855,143.60901946049816
146,vehicle_java.jpg,58,47496.00299999999,818.8966034482756,142.46888709901899
146,mupliple_choice_vehicle.jpg,6,10967.065999999999,1827.8443333333332,203.4454607023279
147,rectangle_java2.jpg,49,66779.41,1362.8451020408163,117.83212084229453
147,mupliple_choice_rectangle.jpg,16,29113.962000000003,1819.6226250000002,206.00597092852132
147,vehicle_java2.jpg,34,58163.984999999986,1710.7054411764702,161.01775122855335
147,mupliple_choice_vehicle.jpg,26,36757.340000000004,1413.7438461538463,211.23504404907845
148,rectangle_java2.jpg,17,32297.146999999997,1899.8321764705881,185.86162596438547
148,mupliple_choice_rectangle.jpg,32,25705.932000000004,803.3103750000001,211.14583965485295
148,vehicle_java2.jpg,138,84085.12399999995,609.3124927536228,104.07376349335362
148,mupliple_choice_vehicle.jpg,127,58511.19600000002,460.71807874015764,110.71006793268879
149,vehicle_java2.jpg,118,29094.000000000022,246.5593220338985,78.6229957121104
149,mupliple_choice_vehicle.jpg,54,13837.384,256.24785185185186,69.6811399301983
149,rectangle_java2.jpg,58,18972.939000000006,327.11963793103456,96.92586183135585
149,mupliple_choice_rectangle.jpg,89,21238.584,238.63577528089886,67.02913283007886
14,rectangle_java2.jpg,91,33453.71200000001,367.62320879120887,93.4970670079245
14,mupliple_choice_rectangle.jpg,109,30641.887000000006,281.1182293577982,90.83119207835806
14,vehicle_java2.jpg,162,57215.94699999998,353.1848580246912,83.31681538956754
14,mupliple_choice_vehicle.jpg,57,14427.090000000006,253.10684210526327,87.87538392841088
150,rectangle_java.jpg,11,14526.768999999998,1320.6153636363636,245.5632745722922
150,mupliple_choice_rectangle.jpg,17,26953.464,1585.4978823529411,163.30043345156784
150,vehicle_java.jpg,20,39764.39800000001,1988.2199000000005,265.35971989380266
150,mupliple_choice_vehicle.jpg,9,19097.017999999996,2121.8908888888886,253.10988271505343
151,rectangle_java2.jpg,311,109542.73800000003,352.22745337620586,69.37281699463097
151,mupliple_choice_rectangle.jpg,138,57823.89099999999,419.01370289855066,71.44787379491694
151,vehicle_java2.jpg,462,174661.11400000003,378.0543593073594,86.79034225861929
151,mupliple_choice_vehicle.jpg,233,110160.28200000005,472.7909098712449,86.464216885001
152,vehicle_java2.jpg,151,52779.27800000003,349.53164238410614,78.46458699526967
152,mupliple_choice_vehicle.jpg,64,16790.822,262.35659375,66.86251405771404
152,rectangle_java2.jpg,76,27760.313000000002,365.2672763157895,71.6367159441714
152,mupliple_choice_rectangle.jpg,63,16950.82,269.0606349206349,67.78290423268008
153,rectangle_java2.jpg,19,29217.573999999997,1537.7670526315787,84.74619418678942
153,mupliple_choice_rectangle.jpg,13,12690.880000000001,976.2215384615386,84.04652978861898
153,vehicle_java2.jpg,45,60758.799,1350.1955333333333,157.08810496798773
153,mupliple_choice_vehicle.jpg,28,40968.61099999999,1463.164678571428,152.08590393837972
154,vehicle_java2.jpg,197,135845.66900000002,689.5719238578681,110.45942112761308
154,mupliple_choice_vehicle.jpg,66,39957.275,605.4132575757576,113.11296472850206
154,rectangle_java2.jpg,142,79058.17300000002,556.7476971830988,91.31705467853568
154,mupliple_choice_rectangle.jpg,36,33673.545999999995,935.3762777777777,156.443392869521
155,vehicle_java2.jpg,94,53924.37500000001,573.6635638297873,144.93385558914377
155,mupliple_choice_vehicle.jpg,43,18662.807,434.01876744186046,106.30182446177999
155,rectangle_java2.jpg,70,43584.823,622.6403285714285,123.31102871340102
155,mupliple_choice_rectangle.jpg,22,12818.945000000002,582.6793181818183,177.20603882665463
156,rectangle_java2.jpg,119,38974.94099999996,327.5205126050417,80.68006068265086
156,mupliple_choice_rectangle.jpg,80,41953.74600000001,524.4218250000001,105.90338165625253
156,vehicle_java2.jpg,174,71479.13600000003,410.7996321839082,99.05140585534022
156,mupliple_choice_vehicle.jpg,38,15913.820000000003,418.78473684210536,102.35207154511869
157,vehicle_java2.jpg,16,84574.709,5285.9193125,147.36339186007086
157,mupliple_choice_vehicle.jpg,33,47448.82700000001,1437.8432424242428,241.01495134306072
157,rectangle_java2.jpg,16,78430.635,4901.9146875,165.46284576742048
157,mupliple_choice_rectangle.jpg,26,20334.601999999995,782.1000769230767,91.09544822734324
158,rectangle_java2.jpg,247,51000.53500000007,206.47989878542538,58.78027939422731
158,mupliple_choice_rectangle.jpg,144,33047.573999999986,229.49704166666658,60.501527854445094
158,vehicle_java2.jpg,299,70174.46999999996,234.6972240802674,58.4577527346231
158,mupliple_choice_vehicle.jpg,220,87069.066,395.76848181818184,110.95460193942732
159,vehicle_java2.jpg,94,37373.316999999995,397.5884787234042,73.32336767894331
159,mupliple_choice_vehicle.jpg,11,21046.480000000003,1913.316363636364,207.97255045247292
159,rectangle_java2.jpg,21,24270.48,1155.7371428571428,121.593454795939
159,mupliple_choice_rectangle.jpg,16,13966.903999999999,872.9314999999999,178.65439455956857
15,rectangle_java.jpg,101,43496.24700000002,430.65591089108926,141.64138521378524
15,mupliple_choice_rectangle.jpg,26,12850.693999999998,494.2574615384614,144.75693676453358
15,vehicle_java.jpg,143,68182.216,476.7987132867133,171.00257984180217
15,mupliple_choice_vehicle.jpg,39,13770.967000000002,353.10171794871803,124.99255132958609
160,vehicle_java.jpg,107,90760.31000000003,848.2271962616825,125.35079101283652
160,mupliple_choice_vehicle.jpg,41,28445.63800000001,693.796048780488,167.20576039056309
160,rectangle_java.jpg,141,127986.414,907.7050638297873,131.11025273625378
160,mupliple_choice_rectangle.jpg,22,14242.819000000001,647.4008636363637,184.04968096524524
161,vehicle_python.jpg,133,44159.99200000003,332.0300150375942,106.13821754410785
161,mupliple_choice_vehicle.jpg,72,24130.52,335.1461111111111,89.94705312382825
161,rectangle_python.jpg,45,14871.040999999997,330.4675777777777,79.92933007831193
161,mupliple_choice_rectangle.jpg,28,8907.412000000002,318.1218571428572,147.18988684470312
162,rectangle_java.jpg,131,64423.45899999998,491.78212977099224,119.37703942129913
162,mupliple_choice_rectangle.jpg,21,13295.179999999995,633.1038095238093,184.98457712411042
162,vehicle_java.jpg,397,76110.47600000004,191.7140453400505,79.4847838082173
162,mupliple_choice_vehicle.jpg,246,59075.68799999999,240.14507317073165,89.47558348583325
163,vehicle_java.jpg,158,68062.04799999995,430.7724556962022,111.51275683348574
163,mupliple_choice_vehicle.jpg,57,27017.789000000004,473.9962982456141,102.5972337140838
163,rectangle_java.jpg,59,43662.902,740.049186440678,153.58449918625556
163,mupliple_choice_rectangle.jpg,36,14022.937999999998,389.5260555555555,202.82364108040628
164,vehicle_java2.jpg,115,76602.487,666.1085826086955,129.21885162428447
164,mupliple_choice_vehicle.jpg,16,17294.485,1080.9053125,171.85597894523028
164,rectangle_java2.jpg,103,75449.227,732.5167669902912,104.1718977860883
164,mupliple_choice_rectangle.jpg,23,30670.311,1333.4917826086958,260.56444357485003
165,rectangle_java2.jpg,376,96511.71600000001,256.6800957446809,45.032904212178465
165,mupliple_choice_rectangle.jpg,95,27849.562,293.15328421052635,76.27068958815376
165,vehicle_java2.jpg,118,53435.486999999994,452.84311016949147,90.99672712478004
165,mupliple_choice_vehicle.jpg,72,30585.3,424.79583333333335,88.96501620261796
166,rectangle_java.jpg,33,89508.47300000001,2712.37796969697,296.7252208363744
166,mupliple_choice_rectangle.jpg,35,55159.272,1575.9792,215.54763706285664
166,vehicle_java.jpg,51,131608.75099999996,2580.5637450980385,158.18102033014122
166,mupliple_choice_vehicle.jpg,17,24853.803,1461.988411764706,213.90750514369978
167,vehicle_java.jpg,1,29193.683,29193.683,305.0035163731723
167,mupliple_choice_vehicle.jpg,0,0.0,0.0,0.0
167,rectangle_java.jpg,0,0.0,0.0,0.0
167,mupliple_choice_rectangle.jpg,1,8131.02,8131.02,151.290937269884
168,rectangle_java2.jpg,190,131515.34099999996,692.1860052631577,105.1688444486384
168,mupliple_choice_rectangle.jpg,245,27533.978,112.38358367346939,34.06843816990391
168,vehicle_java2.jpg,112,74249.49099999998,662.9418839285712,139.7754025333417
168,mupliple_choice_vehicle.jpg,109,47732.860999999975,437.9161559633025,75.51671368469681
169,vehicle_java.jpg,142,60899.92899999997,428.8727394366195,79.43197281701869
169,mupliple_choice_vehicle.jpg,75,15706.097999999996,209.41463999999996,93.07508491102938
169,rectangle_java.jpg,346,85916.74899999991,248.31430346820784,92.54136397621552
169,mupliple_choice_rectangle.jpg,122,27241.715,223.29274590163934,90.98357139404627
16,rectangle_java2.jpg,134,48578.292000000016,362.52456716417925,89.76086472118014
16,mupliple_choice_rectangle.jpg,90,27602.117999999995,306.69019999999995,105.54030238338781
16,vehicle_java2.jpg,218,86670.98300000001,397.5733165137615,88.75826153534841
16,mupliple_choice_vehicle.jpg,195,53088.07200000003,272.2465230769232,59.820456887809996
170,rectangle_java2.jpg,31,14039.857000000002,452.89861290322585,91.69581335476775
170,mupliple_choice_rectangle.jpg,53,16518.823999999993,311.6759245283018,101.4538221832747
170,vehicle_java2.jpg,277,74734.87500000009,269.8009927797837,59.849874350729685
170,mupliple_choice_vehicle.jpg,134,27851.076,207.84385074626866,58.12035275365751
171,vehicle_java2.jpg,300,75182.60200000003,250.60867333333343,68.0665054813488
171,mupliple_choice_vehicle.jpg,119,28238.096999999994,237.2949327731092,78.00871530835143
171,rectangle_java2.jpg,142,36157.596000000005,254.6309577464789,63.25208305358769
171,mupliple_choice_rectangle.jpg,68,20534.530999999995,301.9783970588235,76.1803574066942
172,vehicle_java2.jpg,126,40211.71499999999,319.14059523809516,62.6336291299282
172,mupliple_choice_vehicle.jpg,92,25076.854000000007,272.57450000000006,81.03152877482923
172,rectangle_java2.jpg,71,18134.559,255.41632394366198,74.81706665990559
172,mupliple_choice_rectangle.jpg,57,29018.257999999994,509.092245614035,80.32336018288916
173,rectangle_java.jpg,2,40647.995,20323.9975,154.979188615055
173,mupliple_choice_rectangle.jpg,17,49490.14800000001,2911.185176470589,123.96786762625091
173,vehicle_java.jpg,0,0.0,0.0,0.0
173,mupliple_choice_vehicle.jpg,3,904.9549999999999,301.65166666666664,147.48791007225452
174,rectangle_java2.jpg,22,132454.724,6020.669272727272,135.7196690153862
174,mupliple_choice_rectangle.jpg,6,12555.919999999998,2092.653333333333,86.33883913986479
174,vehicle_java2.jpg,24,145390.89200000002,6057.953833333334,186.6401407591118
174,mupliple_choice_vehicle.jpg,2,15403.744999999999,7701.8724999999995,179.84890927436442
175,rectangle_python.jpg,29,25158.187,867.5236896551725,141.10740454822258
175,mupliple_choice_rectangle.jpg,11,14958.861,1359.8964545454546,220.49364202314788
175,vehicle_python.jpg,51,43725.02000000002,857.3533333333337,182.15215340541326
175,mupliple_choice_vehicle.jpg,25,26022.147,1040.88588,230.93783341720282
176,rectangle_java2.jpg,379,107924.83700000013,284.76210290237503,64.6024877209837
176,mupliple_choice_rectangle.jpg,125,39597.29,316.77832,86.7321917679485
176,vehicle_java2.jpg,287,79794.62000000004,278.0300348432057,68.84967231285515
176,mupliple_choice_vehicle.jpg,80,27330.164999999994,341.6270624999999,96.48915469817027
177,rectangle_java2.jpg,117,63486.566,542.6202222222222,114.22316403409754
177,mupliple_choice_rectangle.jpg,33,19201.23,581.8554545454546,162.1770700587982
177,vehicle_java2.jpg,146,82745.109,566.7473219178082,95.4103024564494
177,mupliple_choice_vehicle.jpg,36,15978.218999999997,443.8394166666666,95.2918296233829
178,rectangle_java2.jpg,38,48120.73700000001,1266.3351842105264,167.25399437027588
178,mupliple_choice_rectangle.jpg,9,12463.069,1384.7854444444445,183.41117815300527
178,vehicle_java2.jpg,33,38721.329999999994,1173.3736363636363,128.23824685083213
178,mupliple_choice_vehicle.jpg,26,26920.38,1035.3992307692308,151.81268843496946
179,vehicle_java2.jpg,303,78813.50000000001,260.11056105610567,63.68646325005671
179,mupliple_choice_vehicle.jpg,68,19238.409999999993,282.91779411764696,76.75321713333973
179,rectangle_java2.jpg,407,109402.58499999989,268.80242014741987,69.1180383958906
179,mupliple_choice_rectangle.jpg,111,21582.076999999997,194.4331261261261,57.794154263013624
17,rectangle_java2.jpg,66,51327.670999999995,777.6919848484848,116.00444193547894
17,mupliple_choice_rectangle.jpg,34,30344.269000000004,892.4785000000002,145.25217206436167
17,vehicle_java2.jpg,124,92157.72600000001,743.2074677419356,111.53085118897582
17,mupliple_choice_vehicle.jpg,17,11383.0,669.5882352941177,208.67101044677992
180,vehicle_java2.jpg,116,39053.31200000003,336.66648275862093,107.41826004124214
180,mupliple_choice_vehicle.jpg,43,16950.65,394.2011627906977,99.70066440498171
180,rectangle_java2.jpg,103,31357.842000000004,304.4450679611651,75.00005207197383
180,mupliple_choice_rectangle.jpg,43,14735.082000000002,342.6763255813954,113.00997031575398
181,rectangle_java2.jpg,38,17874.679,470.3862894736842,120.97831351989785
181,mupliple_choice_rectangle.jpg,29,10675.221999999996,368.11110344827574,107.4832267924732
181,vehicle_java2.jpg,58,26710.375000000004,460.5237068965518,76.96777840271835
181,mupliple_choice_vehicle.jpg,28,7979.255000000001,284.97339285714287,100.63162846853527
182,vehicle_java2.jpg,146,114057.32,781.2145205479452,147.372071964565
182,mupliple_choice_vehicle.jpg,1,12465.07,12465.07,354.5206144923029
182,rectangle_java2.jpg,75,57439.844,765.8645866666666,145.62722152364702
182,mupliple_choice_rectangle.jpg,76,35205.345,463.22822368421055,69.45093830333253
183,vehicle_java2.jpg,214,91156.64999999994,425.96565420560717,97.35950403959605
183,mupliple_choice_vehicle.jpg,21,15734.439,749.259,178.15302379017697
183,rectangle_java2.jpg,92,108129.21499999998,1175.317554347826,125.14552522779988
183,mupliple_choice_rectangle.jpg,11,32103.541,2918.5037272727272,312.1699430062792
184,vehicle_java2.jpg,62,57395.69999999999,925.7370967741933,87.81403186103202
184,mupliple_choice_vehicle.jpg,31,23602.238999999998,761.3625483870967,158.79879829985614
184,rectangle_java2.jpg,39,63963.76699999999,1640.0965897435894,176.5303189069715
184,mupliple_choice_rectangle.jpg,12,11871.160000000002,989.2633333333334,227.0245470352534
185,rectangle_java2.jpg,62,24906.267,401.71398387096775,91.51203502228114
185,mupliple_choice_rectangle.jpg,66,22574.44,342.03696969696966,76.25476049907358
185,vehicle_java2.jpg,94,30365.564,323.037914893617,53.694478046159404
185,mupliple_choice_vehicle.jpg,33,11343.237,343.7344545454545,103.49675993766294
186,rectangle_java2.jpg,88,63259.473999999995,718.857659090909,126.2333301797972
186,mupliple_choice_rectangle.jpg,88,39969.450999999994,454.1983068181817,88.04794473943777
186,vehicle_java2.jpg,97,71611.297,738.2607938144331,100.07182103637982
186,mupliple_choice_vehicle.jpg,42,21234.639999999996,505.5866666666666,93.01253487494625
187,rectangle_java2.jpg,3,25910.059,8636.686333333333,170.0438369380274
187,mupliple_choice_rectangle.jpg,1,19919.712,19919.712,177.15754485767744
187,vehicle_java2.jpg,3,46978.975000000006,15659.658333333335,319.2610533586458
187,mupliple_choice_vehicle.jpg,0,0.0,0.0,0.0
188,rectangle_scala.jpg,234,113943.87400000008,486.93963247863286,91.9564895247257
188,mupliple_choice_rectangle.jpg,57,28442.030000000002,498.9829824561404,158.23978775902432
188,vehicle_scala.jpg,205,115307.61399999997,562.4761658536584,108.82993223247622
188,mupliple_choice_vehicle.jpg,64,36505.671000000024,570.4011093750004,133.96496408756704
189,vehicle_java2.jpg,110,27590.19600000001,250.81996363636372,59.97135031336346
189,mupliple_choice_vehicle.jpg,97,22162.516999999996,228.4795567010309,69.74147447459463
189,rectangle_java2.jpg,130,38813.25099999998,298.5634692307691,77.02357532970959
189,mupliple_choice_rectangle.jpg,72,16054.921,222.9850138888889,70.0777623713382
18,vehicle_java.jpg,198,95484.12300000002,482.24304545454555,113.442217886733
18,mupliple_choice_vehicle.jpg,1,702.619,702.619,552.8968378459041
18,rectangle_java.jpg,17,58037.82799999999,3413.98988235294,171.67882668847204
18,mupliple_choice_rectangle.jpg,1,155.764,155.764,15.614480458856242
190,vehicle_java2.jpg,71,24390.284999999996,343.5251408450704,88.72563787342867
190,mupliple_choice_vehicle.jpg,52,21366.741000000005,410.8988653846155,82.74740655699436
190,rectangle_java2.jpg,63,18984.547000000002,301.3420158730159,83.75461150629283
190,mupliple_choice_rectangle.jpg,88,42541.948000000004,483.4312272727273,84.29880345107831
191,vehicle_java2.jpg,97,50879.71699999997,524.5331649484533,122.4022330560143
191,mupliple_choice_vehicle.jpg,29,11822.806000000002,407.6829655172415,119.78794588349082
191,rectangle_java2.jpg,47,39736.636999999995,845.4603617021276,144.2063475108381
191,mupliple_choice_rectangle.jpg,34,11007.09,323.7379411764706,162.45023747062646
192,rectangle_java.jpg,345,87178.28600000008,252.69068405797125,65.09250817617846
192,mupliple_choice_rectangle.jpg,31,16486.559999999998,531.8245161290322,168.73282024193972
192,vehicle_java.jpg,220,42586.267999999975,193.57394545454534,67.3758892786626
192,mupliple_choice_vehicle.jpg,86,19190.926000000003,223.15030232558144,73.72805255787254
193,rectangle_java2.jpg,7,42449.206000000006,6064.172285714287,226.55981484838526
193,mupliple_choice_rectangle.jpg,34,44920.97300000001,1321.2050882352944,174.25987650154525
193,vehicle_java2.jpg,9,26386.210000000006,2931.801111111112,158.55876526541476
193,mupliple_choice_vehicle.jpg,25,34178.992,1367.15968,298.8781430556722
194,rectangle_java.jpg,220,117982.13100000001,536.2824136363637,134.58331953332237
194,mupliple_choice_rectangle.jpg,41,30042.484,732.743512195122,131.45126797828914
194,vehicle_java.jpg,192,69666.04100000006,362.84396354166694,112.52933589795161
194,mupliple_choice_vehicle.jpg,42,12482.720999999996,297.2076428571428,96.9500764883
195,vehicle_java.jpg,87,47392.76199999999,544.7443908045975,112.43804244520558
195,mupliple_choice_vehicle.jpg,25,16974.851,678.9940399999999,172.05060776830018
195,rectangle_java.jpg,111,75050.26300000008,676.1284954954962,132.50452777563112
195,mupliple_choice_rectangle.jpg,21,12371.296,589.1093333333333,164.79412129591068
196,vehicle_java2.jpg,66,41325.295,626.1408333333333,143.30638681849015
196,mupliple_choice_vehicle.jpg,21,21186.484,1008.8801904761905,181.13169384558643
196,rectangle_java2.jpg,103,71686.84499999994,695.9887864077664,135.61346024407587
196,mupliple_choice_rectangle.jpg,108,57892.15299999999,536.0384537037036,123.41898290092679
197,vehicle_java.jpg,193,70429.91699999999,364.9218497409326,80.8322399843454
197,mupliple_choice_vehicle.jpg,40,6835.527000000001,170.88817500000002,78.58981839023681
197,rectangle_java.jpg,103,39568.735,384.16247572815536,94.42433620326543
197,mupliple_choice_rectangle.jpg,59,23123.107999999993,391.91708474576257,93.48892624106847
198,vehicle_java.jpg,129,34461.122,267.1404806201551,74.5677634326244
198,mupliple_choice_vehicle.jpg,62,18254.465999999997,294.4268709677419,90.10719164940545
198,rectangle_java.jpg,144,41328.01800000001,287.0001250000001,74.49692591249018
198,mupliple_choice_rectangle.jpg,19,19226.395,1011.9155263157895,174.4089517815389
199,vehicle_java.jpg,30,33317.024,1110.5674666666666,146.08960348187335
199,mupliple_choice_vehicle.jpg,14,18950.33,1353.595,174.14710949693676
199,rectangle_java.jpg,1,34273.666999999994,34273.666999999994,368.0257481481425
199,mupliple_choice_rectangle.jpg,47,11463.051000000003,243.89470212765963,74.1973394388402
19,rectangle_java.jpg,6,29422.881000000005,4903.813500000001,177.50135228829083
19,mupliple_choice_rectangle.jpg,2,7239.3099999999995,3619.6549999999997,475.20289827653767
19,vehicle_java.jpg,88,38548.987,438.05667045454544,105.78025482464001
19,mupliple_choice_vehicle.jpg,37,11547.01,312.0813513513514,115.48662819601573
1,vehicle_java.jpg,76,74215.19700000004,976.5157500000006,134.7480746965179
1,mupliple_choice_vehicle.jpg,66,38972.493999999984,590.4923333333331,146.7385145034013
1,rectangle_java.jpg,17,27547.014000000003,1620.4125882352944,124.5794457140371
1,mupliple_choice_rectangle.jpg,60,35512.11600000001,591.8686000000001,97.63441102894981
200,vehicle_java.jpg,221,76725.55100000002,347.17443891402723,86.86089568930312
200,mupliple_choice_vehicle.jpg,67,28649.466999999993,427.6039850746268,100.4732324831283
200,rectangle_java.jpg,158,109190.62399999995,691.0798987341769,113.22998104490868
200,mupliple_choice_rectangle.jpg,29,14282.854999999996,492.5122413793102,151.3777618868645
201,rectangle_java2.jpg,17,26430.003999999997,1554.7061176470586,137.33552645554448
201,mupliple_choice_rectangle.jpg,9,4328.134,480.9037777777778,200.95646374416964
201,vehicle_java2.jpg,33,21586.481000000003,654.1357878787879,83.97038978702321
201,mupliple_choice_vehicle.jpg,9,6371.642999999999,707.9603333333332,174.65754110176474
202,vehicle_java.jpg,418,180616.52800000002,432.09695693779906,111.40515371932074
202,mupliple_choice_vehicle.jpg,195,113817.81800000003,583.6811179487181,131.6162860311702
202,rectangle_java.jpg,116,52507.42100000003,452.650181034483,104.12406963701858
202,mupliple_choice_rectangle.jpg,111,35027.369999999995,315.56189189189183,79.39861646495581
203,rectangle_java.jpg,21,40028.562,1906.1219999999998,206.2509018973294
203,mupliple_choice_rectangle.jpg,23,17470.59400000001,759.5910434782612,161.94761232924077
203,vehicle_java.jpg,20,32125.290000000005,1606.2645000000002,122.99627210011991
203,mupliple_choice_vehicle.jpg,12,7691.457,640.95475,188.32124266268193
204,vehicle_java.jpg,11,21410.211,1946.382818181818,165.3103175893327
204,mupliple_choice_vehicle.jpg,10,15645.367,1564.5367,272.7665115028265
204,rectangle_java.jpg,6,5651.502,941.917,125.45690367923659
204,mupliple_choice_rectangle.jpg,4,8603.202999999998,2150.8007499999994,237.00276335970176
205,rectangle_scala.jpg,8,44057.405999999995,5507.175749999999,181.27736116476282
205,mupliple_choice_rectangle.jpg,0,0.0,0.0,0.0
205,vehicle_scala.jpg,10,56264.799,5626.4799,187.10794061261953
205,mupliple_choice_vehicle.jpg,5,16252.794000000005,3250.558800000001,167.9725772753207
206,vehicle_java2.jpg,111,57027.173999999985,513.7583243243242,95.72810233509449
206,mupliple_choice_vehicle.jpg,53,27357.510999999995,516.1794528301886,123.94201882035321
206,rectangle_java2.jpg,170,72989.91599999998,429.35244705882343,95.90160764276834
206,mupliple_choice_rectangle.jpg,47,28424.207,604.7703617021276,116.64970325562422
207,vehicle_java2.jpg,290,78260.772,269.86473103448276,75.21862862521756
207,mupliple_choice_vehicle.jpg,186,39857.53100000003,214.287801075269,61.625691174276504
207,rectangle_java2.jpg,259,65278.36899999999,252.0400347490347,66.18191208338963
207,mupliple_choice_rectangle.jpg,108,34325.526999999995,317.82895370370363,78.37290840810581
208,vehicle_java2.jpg,60,24909.71,415.16183333333333,74.23116085514499
208,mupliple_choice_vehicle.jpg,58,33837.227,583.4004655172414,120.51211489949615
208,rectangle_java2.jpg,57,67542.45299999998,1184.9553157894734,117.01833409966953
208,mupliple_choice_rectangle.jpg,48,30013.388000000003,625.2789166666668,125.65452492446632
209,vehicle_java.jpg,1,4757.244000000001,4757.244000000001,961.7096519220341
209,mupliple_choice_vehicle.jpg,4,2134.102,533.5255,199.30543472727814
209,rectangle_java.jpg,0,0.0,0.0,0.0
209,mupliple_choice_rectangle.jpg,1,6395.38,6395.38,489.81674624291895
20,rectangle_java2.jpg,100,45485.193000000036,454.8519300000004,84.61705424403465
20,mupliple_choice_rectangle.jpg,78,20938.669,268.4444743589744,69.6858158757914
20,vehicle_java2.jpg,129,68275.19399999997,529.2650697674417,107.14351367261847
20,mupliple_choice_vehicle.jpg,39,30538.337999999992,783.0343076923075,162.60286971750722
210,vehicle_java2.jpg,50,29025.990999999998,580.51982,96.33975596380897
210,mupliple_choice_vehicle.jpg,23,14447.038999999997,628.1321304347824,149.36994371952647
210,rectangle_java2.jpg,49,25078.407999999992,511.80424489795905,87.40619556172896
210,mupliple_choice_rectangle.jpg,39,17106.808999999997,438.63612820512816,137.35843380203934
211,rectangle_java2.jpg,205,57503.886000000006,280.5067609756098,64.76933466464726
211,mupliple_choice_rectangle.jpg,88,25841.72499999999,293.6559659090908,58.37707636990715
211,vehicle_java2.jpg,187,53596.16000000001,286.61048128342253,65.79773850558563
211,mupliple_choice_vehicle.jpg,171,50056.37999999997,292.72736842105246,78.40030275890857
212,rectangle_java2.jpg,15,35838.506,2389.2337333333335,97.43552991980452
212,mupliple_choice_rectangle.jpg,15,39062.97099999999,2604.198066666666,144.4400036757088
212,vehicle_java2.jpg,26,62848.841,2417.2631153846155,171.56535314353246
212,mupliple_choice_vehicle.jpg,6,19322.106,3220.351,269.96027573823795
213,rectangle_java2.jpg,37,37961.431,1025.9846216216215,150.32917626911197
213,mupliple_choice_rectangle.jpg,30,14854.962,495.1654,174.96973509518912
213,vehicle_java2.jpg,68,55931.796999999984,822.526426470588,93.67783693002619
213,mupliple_choice_vehicle.jpg,68,49476.631,727.5975147058824,141.23152044814606
214,rectangle_java2.jpg,109,53252.31600000001,488.5533577981653,99.5571036224416
214,mupliple_choice_rectangle.jpg,51,40400.88299999999,792.174176470588,122.64249103451174
214,vehicle_java2.jpg,284,104300.8669999999,367.25657394366164,99.46426855932386
214,mupliple_choice_vehicle.jpg,61,27892.254000000015,457.25006557377077,90.90176374228906
215,vehicle_java2.jpg,119,67067.45000000003,563.5920168067229,146.94898013098054
215,mupliple_choice_vehicle.jpg,28,25758.356000000003,919.9412857142859,151.041231198477
215,rectangle_java2.jpg,73,44376.893999999986,607.9026575342464,104.74745896452443
215,mupliple_choice_rectangle.jpg,43,21678.556000000004,504.1524651162792,115.49518167638213
216,vehicle_java2.jpg,33,68278.12299999999,2069.0340303030302,172.39685376094036
216,mupliple_choice_vehicle.jpg,12,16626.615,1385.5512500000002,159.47873760686971
216,rectangle_java2.jpg,13,33212.72099999999,2554.8246923076917,107.54244878126102
216,mupliple_choice_rectangle.jpg,26,25583.734,983.9897692307693,148.28130419173806
21,rectangle_java2.jpg,105,59075.94199999998,562.6280190476189,129.4063467105695
21,mupliple_choice_rectangle.jpg,44,20630.504999999997,468.87511363636355,163.29925467339714
21,vehicle_java2.jpg,169,100833.116,596.6456568047337,115.65771526140828
21,mupliple_choice_vehicle.jpg,31,28470.14399999999,918.3917419354835,162.19412987783198
22,rectangle_java2.jpg,1,2559.7360000000003,2559.7360000000003,196.31136110780753
22,mupliple_choice_rectangle.jpg,0,0.0,0.0,0.0
22,vehicle_java2.jpg,1,689.9390000000001,689.9390000000001,223.9659817918784
22,mupliple_choice_vehicle.jpg,0,0.0,0.0,0.0
23,rectangle_java2.jpg,2,2695.69,1347.845,106.07759226662498
23,mupliple_choice_rectangle.jpg,0,0.0,0.0,0.0
23,vehicle_java2.jpg,5,32974.692,6594.938400000001,147.43808124625713
23,mupliple_choice_vehicle.jpg,0,0.0,0.0,0.0
24,vehicle_java2.jpg,151,54813.71000000001,363.00470198675504,63.04054619283828
24,mupliple_choice_vehicle.jpg,142,41030.24,288.94535211267606,56.30713815371957
24,rectangle_java2.jpg,127,42481.205,334.49767716535433,69.74542990502215
24,mupliple_choice_rectangle.jpg,64,22766.426999999996,355.72542187499994,84.6358782396332
25,rectangle_java2.jpg,95,77601.00500000003,816.8526842105267,141.80266687240896
25,mupliple_choice_rectangle.jpg,17,20534.551000000007,1207.9147647058828,141.06944387020093
25,vehicle_java2.jpg,90,81342.47800000003,903.8053111111115,114.43999350333505
25,mupliple_choice_vehicle.jpg,29,19982.542,689.0531724137932,106.46572332018843
26,vehicle_java2.jpg,146,50708.55199999997,347.3188493150683,112.42442953767161
26,mupliple_choice_vehicle.jpg,72,20882.581999999995,290.03586111111105,95.4090542380118
26,rectangle_java2.jpg,69,30324.540000000005,439.48608695652183,109.9412469138355
26,mupliple_choice_rectangle.jpg,74,23174.513,313.1690945945946,95.60111113469043
27,vehicle_java.jpg,17,20949.201000000005,1232.305941176471,172.26637797891712
27,mupliple_choice_vehicle.jpg,14,19245.749,1374.696357142857,158.4719853438403
27,rectangle_java.jpg,17,21781.947,1281.291,213.12192957784126
27,mupliple_choice_rectangle.jpg,16,20106.278000000006,1256.6423750000004,289.8282665020812
28,rectangle_java2.jpg,203,60583.30700000001,298.4399359605912,95.74533208682487
28,mupliple_choice_rectangle.jpg,146,59784.616,409.4836712328767,98.18541872570334
28,vehicle_java2.jpg,94,31041.922999999988,330.23322340425517,82.35820175831208
28,mupliple_choice_vehicle.jpg,77,24504.743000000002,318.24341558441563,102.26880775704981
29,vehicle_java2.jpg,125,48252.573000000026,386.0205840000002,89.38286376099798
29,mupliple_choice_vehicle.jpg,63,26788.032000000007,425.20685714285725,82.7376974645859
29,rectangle_java2.jpg,120,45584.661,379.872175,87.6093643299994
29,mupliple_choice_rectangle.jpg,51,13819.018000000002,270.961137254902,97.58723835116697
2,rectangle_java2.jpg,5,16226.784,3245.3568,144.5926837530625
2,mupliple_choice_rectangle.jpg,1,26202.445,26202.445,297.0062359614693
2,vehicle_java2.jpg,1,32869.806,32869.806,384.500895447592
2,mupliple_choice_vehicle.jpg,1,21134.552,21134.552,445.24891386728837
30,vehicle_java2.jpg,68,39184.61999999999,576.2444117647057,93.47150022137731
30,mupliple_choice_vehicle.jpg,131,73609.70900000002,561.9061755725193,122.00778621330852
30,rectangle_java2.jpg,71,35085.109,494.15646478873236,113.20029702422102
30,mupliple_choice_rectangle.jpg,116,52692.72599999998,454.2476379310343,108.25329069026668
31,rectangle_java2.jpg,116,50968.47899999998,439.3834396551722,102.19601187550671
31,mupliple_choice_rectangle.jpg,92,40660.993000000024,441.96731521739156,98.53283262881784
31,vehicle_java2.jpg,158,51069.83399999999,323.22679746835433,71.91610066785911
31,mupliple_choice_vehicle.jpg,48,18683.374,389.23695833333335,113.59379926851166
32,rectangle_java2.jpg,80,32205.728999999996,402.57161249999996,101.42444546561771
32,mupliple_choice_rectangle.jpg,92,30097.952,327.1516521739131,94.00461445021055
32,vehicle_java2.jpg,119,43964.91799999999,369.4530924369747,100.36437352698226
32,mupliple_choice_vehicle.jpg,66,22326.422,338.2791212121212,90.42108631218944
33,vehicle_java2.jpg,168,56748.287,337.7874226190476,110.5176323434412
33,mupliple_choice_vehicle.jpg,25,12651.839,506.07356,113.17059672566265
33,rectangle_java2.jpg,129,40305.26299999999,312.44389922480616,105.93571988376486
33,mupliple_choice_rectangle.jpg,80,26266.015000000007,328.3251875000001,92.23825317446561
34,vehicle_java2.jpg,133,65972.431,496.03331578947365,93.986078631662
34,mupliple_choice_vehicle.jpg,123,36473.29899999999,296.53088617886175,78.43785327623192
34,rectangle_java2.jpg,160,51644.366000000016,322.7772875000001,68.39562413920989
34,mupliple_choice_rectangle.jpg,154,33365.593,216.65969480519482,54.87023034247069
35,rectangle_java2.jpg,153,45157.00999999998,295.1438562091502,82.3642403202957
35,mupliple_choice_rectangle.jpg,51,16814.842000000004,329.70278431372554,134.51745417778787
35,vehicle_java2.jpg,357,72829.27200000006,204.00356302521024,71.33629676616277
35,mupliple_choice_vehicle.jpg,45,15755.046,350.11213333333336,98.39472226130358
36,rectangle_java.jpg,32,25313.824999999997,791.0570312499999,122.78355879597537
36,mupliple_choice_rectangle.jpg,12,9695.321,807.9434166666666,176.84123982839358
36,vehicle_java.jpg,50,39596.55900000001,791.9311800000002,114.80958452855099
36,mupliple_choice_vehicle.jpg,6,4923.696,820.616,329.57327817906355
37,rectangle_java2.jpg,66,42640.20999999999,646.0637878787877,107.43319478240623
37,mupliple_choice_rectangle.jpg,113,41608.45799999997,368.21644247787583,96.42407228145498
37,vehicle_java2.jpg,236,87100.32599999993,369.0691779661014,76.8638072756264
37,mupliple_choice_vehicle.jpg,80,31833.312999999987,397.91641249999986,102.77560668631936
38,rectangle_java2.jpg,51,60095.732999999986,1178.3477058823526,219.50420917683468
38,mupliple_choice_rectangle.jpg,18,19698.29,1094.3494444444445,211.76338228574664
38,vehicle_java2.jpg,7,32769.789,4681.398428571428,130.41257411991685
38,mupliple_choice_vehicle.jpg,13,13763.181999999999,1058.7063076923075,212.32022450818351
39,vehicle_java.jpg,8,12376.82,1547.1025,134.15241958005356
39,mupliple_choice_vehicle.jpg,13,24739.462000000003,1903.0355384615386,294.1263044988255
39,rectangle_java.jpg,8,9900.47,1237.55875,230.99455555412212
39,mupliple_choice_rectangle.jpg,17,27274.638000000003,1604.3904705882355,229.32480733261295
3,vehicle_java2.jpg,82,38536.702000000005,469.95978048780495,94.71650528574786
3,mupliple_choice_vehicle.jpg,74,37172.94200000001,502.3370540540542,108.16604798017434
3,rectangle_java2.jpg,64,29225.427999999993,456.6473124999999,74.42434907454229
3,mupliple_choice_rectangle.jpg,79,30413.621999999992,384.9825569620252,93.24650054765625
40,rectangle_java.jpg,82,47276.04499999999,576.5371341463414,156.48832221781356
40,mupliple_choice_rectangle.jpg,46,27433.590999999993,596.3824130434781,185.38053059302214
40,vehicle_java.jpg,127,55871.431,439.9325275590551,124.98946009093054
40,mupliple_choice_vehicle.jpg,22,13790.818000000001,626.8553636363637,156.1687390275611
41,rectangle_java2.jpg,47,87088.71099999997,1852.9512978723396,149.34433962649075
41,mupliple_choice_rectangle.jpg,64,36553.49,571.14828125,176.49312933039621
41,vehicle_java2.jpg,110,71740.88699999999,652.1898818181817,99.06527466285378
41,mupliple_choice_vehicle.jpg,83,86674.16100000004,1044.2670000000005,210.9825291502861
42,vehicle_java2.jpg,17,33365.693,1962.6878235294116,239.791582636228
42,mupliple_choice_vehicle.jpg,4,8179.333,2044.83325,281.5420347960011
42,rectangle_java2.jpg,4,13566.954999999998,3391.7387499999995,240.67292340035658
42,mupliple_choice_rectangle.jpg,12,17302.444000000003,1441.8703333333335,281.35252973457983
43,vehicle_java2.jpg,124,72957.86899999999,588.3699112903225,101.36313173601968
43,mupliple_choice_vehicle.jpg,70,41944.442,599.2063142857144,121.44741161838336
43,rectangle_java2.jpg,68,33825.12300000001,497.42827941176483,82.85735179042017
43,mupliple_choice_rectangle.jpg,45,23566.371,523.6971333333333,129.17692155761867
44,vehicle_java2.jpg,139,56948.097,409.6985395683453,100.46079196631119
44,mupliple_choice_vehicle.jpg,26,16131.030999999999,620.4242692307691,140.22362307644605
44,rectangle_java2.jpg,68,32565.81,478.9089705882353,105.12381911235539
44,mupliple_choice_rectangle.jpg,42,20182.626,480.53871428571426,126.63003257326115
45,vehicle_java.jpg,392,132591.16299999994,338.2427627551019,94.92834789376334
45,mupliple_choice_vehicle.jpg,103,40929.657,397.37531067961163,143.49159681330195
45,rectangle_java.jpg,182,102619.51000000004,563.8434615384617,99.68360447097504
45,mupliple_choice_rectangle.jpg,116,53977.936000000016,465.32703448275873,108.2204221389338
46,vehicle_java2.jpg,181,43318.60699999996,239.32932044198873,66.14297323357451
46,mupliple_choice_vehicle.jpg,193,45434.79399999999,235.4134404145077,55.20734307999022
46,rectangle_java2.jpg,134,36240.510000000024,270.45156716417927,68.19231212383238
46,mupliple_choice_rectangle.jpg,75,14523.585999999998,193.6478133333333,65.1463331932909
47,vehicle_python.jpg,124,52758.85000000002,425.4745967741937,140.84905401356755
47,mupliple_choice_vehicle.jpg,48,25210.266000000003,525.213875,108.38031707800707
47,rectangle_python.jpg,69,29124.443000000003,422.0933768115942,119.2559960508278
47,mupliple_choice_rectangle.jpg,133,36766.57500000001,276.44041353383466,85.13847463555109
48,vehicle_java2.jpg,46,47456.519,1031.6634565217391,153.04585444224193
48,mupliple_choice_vehicle.jpg,0,0.0,0.0,0.0
48,rectangle_java2.jpg,22,35797.23900000001,1627.1472272727276,118.28928791455637
48,mupliple_choice_rectangle.jpg,0,0.0,0.0,0.0
49,rectangle_python.jpg,130,38953.368,299.6412923076923,93.7120717424987
49,mupliple_choice_rectangle.jpg,79,20514.595999999998,259.6784303797468,89.72493935246756
49,vehicle_python.jpg,119,45116.964000000014,379.1341512605043,112.66573933309361
49,mupliple_choice_vehicle.jpg,50,13479.184000000003,269.5836800000001,102.26099319792307
4,rectangle_java2.jpg,171,49316.541000000005,288.4008245614035,78.41469805629937
4,mupliple_choice_rectangle.jpg,130,30133.913,231.79933076923078,93.88947752599854
4,vehicle_java2.jpg,157,57135.999,363.92356050955414,73.99825845598063
4,mupliple_choice_vehicle.jpg,44,13339.010000000002,303.1593181818182,121.50123146142106
50,vehicle_java2.jpg,67,149219.45400000003,2227.1560298507466,134.80349439920482
50,mupliple_choice_vehicle.jpg,10,29829.466,2982.9466,276.0175567368912
50,rectangle_java2.jpg,4,43100.224,10775.056,196.53480676981857
50,mupliple_choice_rectangle.jpg,9,18058.071000000004,2006.4523333333336,234.8012121756477
51,vehicle_java2.jpg,64,24854.430999999997,388.35048437499995,65.18512713052084
51,mupliple_choice_vehicle.jpg,44,15735.078,357.61540909090905,96.60088013640497
51,rectangle_java2.jpg,48,25206.224,525.1296666666666,90.03374793778617
51,mupliple_choice_rectangle.jpg,37,16758.959999999992,452.94486486486466,112.43266370637384
52,vehicle_scala.jpg,150,55108.21499999999,367.38809999999995,98.74966759292646
52,mupliple_choice_vehicle.jpg,172,64706.245999999985,376.1991046511627,92.90421259963273
52,rectangle_scala.jpg,39,85977.76499999997,2204.558076923076,76.64518845081275
52,mupliple_choice_rectangle.jpg,18,20630.458000000002,1146.1365555555558,175.5115642071239
53,rectangle_java.jpg,62,58427.667,942.3817258064516,140.6596819034483
53,mupliple_choice_rectangle.jpg,73,22262.57,304.96671232876713,75.99313813687523
53,vehicle_java.jpg,103,55996.19000000002,543.6523300970875,108.22241848006344
53,mupliple_choice_vehicle.jpg,77,32327.141000000007,419.8330000000001,103.49018691564137
54,vehicle_java.jpg,163,41176.977000000035,252.61949079754623,79.74221065502302
54,mupliple_choice_vehicle.jpg,112,36141.76800000002,322.6943571428573,107.6926453121
54,rectangle_java.jpg,517,81984.55900000014,158.57748355899446,68.20347047324923
54,mupliple_choice_rectangle.jpg,55,13994.384999999998,254.4433636363636,96.63811157422505
55,rectangle_java2.jpg,447,92941.43299999999,207.9226689038031,49.42476430479354
55,mupliple_choice_rectangle.jpg,73,12871.242,176.31838356164383,66.36795680396872
55,vehicle_java2.jpg,615,118247.37400000011,192.27215284552864,41.850468201997074
55,mupliple_choice_vehicle.jpg,67,14903.578000000003,222.4414626865672,57.64337209645956
56,vehicle_java2.jpg,88,47880.73199999998,544.099227272727,107.24311802140045
56,mupliple_choice_vehicle.jpg,14,8059.72,575.6942857142857,121.72491396384831
56,rectangle_java2.jpg,66,38274.204,579.9121818181818,99.08875519282356
56,mupliple_choice_rectangle.jpg,36,13107.42,364.095,103.78354480841395
57,rectangle_java2.jpg,13,27545.801000000003,2118.9077692307696,132.61679143233013
57,mupliple_choice_rectangle.jpg,25,32358.425000000003,1294.3370000000002,239.1682589958558
57,vehicle_java2.jpg,33,70134.368,2125.283878787879,137.01527723375833
57,mupliple_choice_vehicle.jpg,7,6563.676,937.668,178.82715067773893
58,vehicle_java2.jpg,79,41636.491999999984,527.0442025316454,101.77365486752318
58,mupliple_choice_vehicle.jpg,20,10623.296,531.1648,169.47762950389787
58,rectangle_java2.jpg,127,86712.63099999998,682.7766220472439,101.61927630594882
58,mupliple_choice_rectangle.jpg,18,12250.946000000002,680.6081111111112,199.53563869843282
59,vehicle_java.jpg,309,95241.14599999992,308.2237734627829,87.970018420819
59,mupliple_choice_vehicle.jpg,35,7515.525000000002,214.7292857142858,63.45450620165441
59,rectangle_java.jpg,30,90657.34200000002,3021.9114000000004,142.6634134844779
59,mupliple_choice_rectangle.jpg,4,17234.909,4308.72725,239.8314836109642
5,rectangle_java2.jpg,76,45956.75199999997,604.6941052631576,154.91936536126093
5,mupliple_choice_rectangle.jpg,45,26878.087000000007,597.2908222222223,103.63605654583274
5,vehicle_java2.jpg,73,40548.247,555.4554383561644,104.03201800426116
5,mupliple_choice_vehicle.jpg,44,22726.496,516.5112727272727,149.78978989076856
60,vehicle_java2.jpg,189,63811.71299999996,337.6281111111109,85.53480789594758
60,mupliple_choice_vehicle.jpg,26,14139.103,543.8116538461538,135.87773056091854
60,rectangle_java2.jpg,132,51316.466,388.76110606060604,94.5770986696365
60,mupliple_choice_rectangle.jpg,55,24706.341999999997,449.20621818181814,134.92706290613864
61,vehicle_java2.jpg,70,53024.515,757.4930714285714,146.24758225798578
61,mupliple_choice_vehicle.jpg,52,39865.289,766.640173076923,265.8038625111619
61,rectangle_java2.jpg,78,81129.08300000004,1040.1164487179492,173.99681465630178
61,mupliple_choice_rectangle.jpg,25,19498.769,779.9507600000001,137.81280854887763
62,rectangle_java.jpg,53,41284.65599999998,778.9557735849053,146.1622789729685
62,mupliple_choice_rectangle.jpg,42,22437.770999999993,534.2326428571427,90.8766758122133
62,vehicle_java.jpg,59,48627.882,824.2013898305084,151.0220826653546
62,mupliple_choice_vehicle.jpg,16,15406.714000000002,962.9196250000001,140.011440608807
63,vehicle_java.jpg,187,75481.05500000002,403.6420053475937,110.16952584967443
63,mupliple_choice_vehicle.jpg,34,21326.568,627.252,134.2130545101008
63,rectangle_java.jpg,230,78725.02,342.2826956521739,100.75280053677169
63,mupliple_choice_rectangle.jpg,59,31301.760000000006,530.5383050847458,124.68055013709439
64,vehicle_java2.jpg,289,164493.23300000007,569.1807370242217,124.95238436106041
64,mupliple_choice_vehicle.jpg,26,31685.579,1218.6761153846155,103.12939910336483
64,rectangle_java2.jpg,174,99945.99500000001,574.4022701149426,109.69292451451784
64,mupliple_choice_rectangle.jpg,39,22366.274000000005,573.4942051282053,120.31225309446333
65,rectangle_java.jpg,19,54591.449,2873.2341578947367,169.72455184863486
65,mupliple_choice_rectangle.jpg,11,11899.571,1081.7791818181818,72.73941431591774
65,vehicle_java.jpg,32,57024.24100000002,1782.0075312500007,200.10822387151072
65,mupliple_choice_vehicle.jpg,56,21590.59700000001,385.5463750000002,99.48989878986583
66,vehicle_java2.jpg,12,29173.998,2431.1665,160.91210346431853
66,mupliple_choice_vehicle.jpg,3,21090.606,7030.202,322.6034394257592
66,rectangle_java2.jpg,42,43867.52500000001,1044.4648809523812,118.75256740302564
66,mupliple_choice_rectangle.jpg,9,17182.856,1909.206222222222,126.17525752559416
67,rectangle_java2.jpg,21,76426.607,3639.3622380952384,159.87185387935145
67,mupliple_choice_rectangle.jpg,13,21223.755000000005,1632.5965384615388,101.24520343614455
67,vehicle_java2.jpg,9,59365.933,6596.214777777777,108.34692965771494
67,mupliple_choice_vehicle.jpg,4,12459.006,3114.7515,268.9567006637765
68,rectangle_java2.jpg,59,44976.22800000002,762.3089491525427,112.41095653304248
68,mupliple_choice_rectangle.jpg,39,29517.440999999995,756.8574615384614,125.9085397627522
68,vehicle_java2.jpg,48,46679.97700000001,972.4995208333336,137.3521699171743
68,mupliple_choice_vehicle.jpg,48,46725.124,973.4400833333334,153.80427430053925
69,rectangle_java2.jpg,162,58992.33499999998,364.15021604938255,96.34752116766074
69,mupliple_choice_rectangle.jpg,178,67064.958,376.76942696629214,106.1037609022562
69,vehicle_java2.jpg,252,77290.46600000004,306.7081984126986,92.82897569848862
69,mupliple_choice_vehicle.jpg,76,18270.755999999994,240.40468421052623,73.54625044051556
6,rectangle_java.jpg,23,35948.969,1562.998652173913,158.78867462170206
6,mupliple_choice_rectangle.jpg,28,25421.881999999994,907.9243571428569,144.6307711245082
6,vehicle_java.jpg,84,72885.77900000002,867.6878452380955,123.56234958326282
6,mupliple_choice_vehicle.jpg,19,20750.406999999996,1092.126684210526,230.63234149836865
70,rectangle_java2.jpg,17,40149.33900000001,2361.725823529412,136.0272445457437
70,mupliple_choice_rectangle.jpg,26,18974.530000000002,729.7896153846154,144.06590476814847
70,vehicle_java2.jpg,48,40623.85799999999,846.3303749999999,99.62429258485469
70,mupliple_choice_vehicle.jpg,44,24998.206000000006,568.1410454545456,95.28024532340447
71,rectangle_java.jpg,18,61994.874,3444.159666666667,257.0552666399922
71,mupliple_choice_rectangle.jpg,11,23109.823,2100.893,270.3819067247037
71,vehicle_java.jpg,66,118572.673,1796.5556515151513,208.37727549874646
71,mupliple_choice_vehicle.jpg,20,35629.157,1781.45785,215.2158370346518
72,vehicle_java2.jpg,140,97505.35400000004,696.4668142857146,135.48658586338212
72,mupliple_choice_vehicle.jpg,25,16039.029,641.56116,174.4101048408584
72,rectangle_java2.jpg,64,52792.409999999996,824.8814062499999,182.92721002587717
72,mupliple_choice_rectangle.jpg,41,20414.506999999998,497.9148048780487,144.58033327432432
73,vehicle_java2.jpg,159,101476.66700000002,638.218031446541,149.41323168103048
73,mupliple_choice_vehicle.jpg,26,18334.58,705.176153846154,193.42086072871345
73,rectangle_java2.jpg,99,75054.65599999999,758.1278383838383,149.36343817164484
73,mupliple_choice_rectangle.jpg,18,19242.638,1069.0354444444445,160.6676336068613
74,rectangle_java2.jpg,57,30877.53099999999,541.7110701754384,100.00731146791402
74,mupliple_choice_rectangle.jpg,42,11435.188999999998,272.2664047619047,139.66282308771315
74,vehicle_java2.jpg,78,27578.24799999999,353.5672820512819,96.62135409964323
74,mupliple_choice_vehicle.jpg,84,27370.147999999997,325.8350952380952,94.28231461978423
75,vehicle_java.jpg,342,86081.95300000001,251.70161695906435,89.04759577900809
75,mupliple_choice_vehicle.jpg,274,67111.19,244.93135036496352,93.25544960130895
75,rectangle_java.jpg,200,55392.197,276.960985,103.3012330949095
75,mupliple_choice_rectangle.jpg,135,44296.966000000015,328.1256740740742,83.90473559289565
76,rectangle_java.jpg,8,55158.525,6894.815625,189.20685403500164
76,mupliple_choice_rectangle.jpg,9,23282.228000000003,2586.9142222222226,190.72449100067195
76,vehicle_java.jpg,18,62187.10399999998,3454.83911111111,172.2151097235951
76,mupliple_choice_vehicle.jpg,5,22258.157,4451.6314,171.4802970505053
77,vehicle_java2.jpg,387,85770.20800000013,221.62844444444477,49.33906256425959
77,mupliple_choice_vehicle.jpg,21,5572.1410000000005,265.34004761904765,53.590078530458044
77,rectangle_java2.jpg,122,119100.29999999994,976.2319672131143,85.68088454228807
77,mupliple_choice_rectangle.jpg,14,42118.509,3008.4649285714286,167.15759836339586
78,vehicle_java2.jpg,58,33185.600999999995,572.1655344827585,108.83136112495552
78,mupliple_choice_vehicle.jpg,93,23742.088000000003,255.29126881720433,77.40523378028064
78,rectangle_java2.jpg,93,53855.905000000006,579.0957526881721,104.32016991786233
78,mupliple_choice_rectangle.jpg,28,22778.54899999999,813.5196071428569,160.86032731415852
79,vehicle_java2.jpg,166,63851.763000000035,384.6491746987954,81.19077070150924
79,mupliple_choice_vehicle.jpg,121,39329.30399999999,325.0355702479338,109.32756540315151
79,rectangle_java2.jpg,126,53744.38400000003,426.54273015873036,99.2939055191504
79,mupliple_choice_rectangle.jpg,50,13911.117999999993,278.22235999999987,90.43133885217034
7,vehicle_scala.jpg,119,110940.10299999999,932.2697731092436,119.47002005956938
7,mupliple_choice_vehicle.jpg,74,57708.011999999995,779.838,106.3014825674486
7,rectangle_scala.jpg,79,89997.72300000001,1139.211683544304,119.59909708482786
7,mupliple_choice_rectangle.jpg,38,34077.76300000001,896.7832368421056,139.76814484115044
80,vehicle_java.jpg,34,34804.142,1023.6512352941177,235.01838990617705
80,mupliple_choice_vehicle.jpg,15,18050.649,1203.3766,239.59124872575902
80,rectangle_java.jpg,33,28945.826000000005,877.1462424242426,170.27499788638258
80,mupliple_choice_rectangle.jpg,82,55542.61800000003,677.3490000000004,168.62341965597548
81,vehicle_java.jpg,126,73485.957,583.221880952381,121.9496854027698
81,mupliple_choice_vehicle.jpg,67,25293.788,377.519223880597,108.01281157803426
81,rectangle_java.jpg,30,31821.413999999993,1060.7137999999998,151.26412472208298
81,mupliple_choice_rectangle.jpg,38,14130.616999999998,371.8583421052631,150.16330635725708
82,vehicle_java2.jpg,337,63407.457,188.15269139465877,73.28201267046549
82,mupliple_choice_vehicle.jpg,65,17798.714999999997,273.82638461538454,92.08955037720234
82,rectangle_java2.jpg,225,42285.02000000001,187.93342222222228,67.4931342727377
82,mupliple_choice_rectangle.jpg,199,43314.11799999999,217.6588844221105,75.16446119677532
83,vehicle_java2.jpg,118,65386.38199999996,554.1218813559319,99.76190967124674
83,mupliple_choice_vehicle.jpg,93,36741.14100000002,395.0660322580647,88.68161251202774
83,rectangle_java2.jpg,161,87317.358,542.3438385093167,99.30671944501282
83,mupliple_choice_rectangle.jpg,83,32637.304999999997,393.2205421686747,124.44800596131455
84,vehicle_java2.jpg,146,53144.013999999996,364.00009589041093,80.89376651562694
84,mupliple_choice_vehicle.jpg,70,33685.655000000006,481.2236428571429,95.64634868761668
84,rectangle_java2.jpg,139,85421.78099999999,614.5451870503596,113.69289829423202
84,mupliple_choice_rectangle.jpg,61,48580.227000000006,796.3971639344263,113.68363632460547
85,vehicle_java.jpg,77,47600.51400000001,618.1884935064936,112.2191816002069
85,mupliple_choice_vehicle.jpg,36,15099.003000000002,419.4167500000001,151.1247423058311
85,rectangle_java.jpg,91,47980.53000000001,527.2585714285716,104.54341597008751
85,mupliple_choice_rectangle.jpg,54,20374.630999999994,377.30798148148136,91.79222998739803
86,rectangle_java2.jpg,517,156968.78899999996,303.61467891682776,67.22138364322623
86,mupliple_choice_rectangle.jpg,105,29864.827999999994,284.4269333333333,73.34637861859919
86,vehicle_java2.jpg,232,82274.45199999998,354.63125862068955,69.08519324561072
86,mupliple_choice_vehicle.jpg,9,33856.962,3761.884666666667,240.68966007470692
87,rectangle_java2.jpg,144,59855.98099999999,415.6665347222222,88.2080914847924
87,mupliple_choice_rectangle.jpg,134,58761.57699999998,438.5192313432835,94.55206887119523
87,vehicle_java2.jpg,293,60241.796999999984,205.60340273037536,47.12269319621239
87,mupliple_choice_vehicle.jpg,70,21847.214,312.10305714285715,72.18069432082747
88,rectangle_java2.jpg,15,43653.10800000001,2910.2072000000003,231.445630479121
88,mupliple_choice_rectangle.jpg,20,67093.66000000002,3354.683000000001,142.576065830538
88,vehicle_java2.jpg,18,66151.28199999999,3675.071222222222,199.52366238400685
88,mupliple_choice_vehicle.jpg,7,21366.56,3052.3657142857146,243.51279894256172
89,vehicle_java2.jpg,296,99925.40800000001,337.58583783783786,82.99681244885076
89,mupliple_choice_vehicle.jpg,59,24846.311,421.1239152542373,99.83917259602472
89,rectangle_java2.jpg,180,64615.56,358.9753333333333,73.65657438578167
89,mupliple_choice_rectangle.jpg,39,15118.963,387.66571794871794,147.71858446947425
8,vehicle_java2.jpg,106,128438.471,1211.6836886792453,105.57660104945653
8,mupliple_choice_vehicle.jpg,11,22122.392000000003,2011.1265454545457,236.58663217364025
8,rectangle_java2.jpg,15,60571.683000000005,4038.1122000000005,221.33018243995042
8,mupliple_choice_rectangle.jpg,13,13670.762,1051.5970769230769,161.6620035883593
90,vehicle_java2.jpg,25,6651.441999999999,266.05767999999995,158.27832004359797
90,mupliple_choice_vehicle.jpg,26,10645.893,409.4574230769231,56.371257299094445
90,rectangle_java2.jpg,63,26774.082,424.98542857142854,79.72472282554935
90,mupliple_choice_rectangle.jpg,13,5667.276,435.9443076923077,115.67652325082175
91,vehicle_java2.jpg,299,55044.161999999975,184.0941872909698,66.76792755041683
91,mupliple_choice_vehicle.jpg,111,16867.689,151.96116216216214,51.93392888765544
91,rectangle_java2.jpg,190,37129.842000000026,195.42022105263172,37.37926987490206
91,mupliple_choice_rectangle.jpg,95,12343.077999999994,129.9271368421052,58.44248083714556
92,rectangle_java.jpg,15,41133.003,2742.2001999999998,125.06606330342882
92,mupliple_choice_rectangle.jpg,13,24830.779000000002,1910.0599230769233,154.5786547408342
92,vehicle_java.jpg,19,53876.42799999999,2835.6014736842103,168.50277574498364
92,mupliple_choice_vehicle.jpg,3,10070.895,3356.965,308.08354472952374
93,vehicle_java.jpg,48,18158.491999999995,378.30191666666656,133.81698480663962
93,mupliple_choice_vehicle.jpg,39,8279.376,212.2916923076923,64.30413037635373
93,rectangle_java.jpg,41,17718.409000000003,432.15631707317084,63.39189961035515
93,mupliple_choice_rectangle.jpg,33,9675.299,293.19087878787883,110.3614374308188
94,rectangle_java2.jpg,50,23574.587,471.49174,103.90711011087245
94,mupliple_choice_rectangle.jpg,11,5923.429,538.4935454545455,158.43921818465094
94,vehicle_java2.jpg,134,50083.398,373.75670149253733,80.3482301850958
94,mupliple_choice_vehicle.jpg,40,11667.367999999999,291.6842,88.08689974048355
95,vehicle_java2.jpg,5,19818.378999999997,3963.6757999999995,296.12853171408943
95,mupliple_choice_vehicle.jpg,1,12047.181,12047.181,393.5440000813124
95,rectangle_java2.jpg,13,45155.35400000001,3473.48876923077,210.87894250272393
95,mupliple_choice_rectangle.jpg,10,18785.097,1878.5097,155.26048629551357
96,vehicle_java2.jpg,276,57364.083999999966,207.8408840579709,59.92947752339532
96,mupliple_choice_vehicle.jpg,52,13779.024999999998,264.98124999999993,85.14628472541855
96,rectangle_java2.jpg,285,56888.537999999986,199.60890526315785,62.94879268129304
96,mupliple_choice_rectangle.jpg,78,38695.095,496.09096153846156,93.780504882174
97,vehicle_java2.jpg,184,57456.064,312.26121739130434,82.67376461650527
97,mupliple_choice_vehicle.jpg,177,40865.32699999999,230.87755367231634,73.64984823476057
97,rectangle_java2.jpg,102,51500.343,504.90532352941176,109.07033368036693
97,mupliple_choice_rectangle.jpg,22,11263.242999999999,511.96559090909085,155.59250384471719
98,rectangle_java.jpg,6,41528.80299999999,6921.467166666665,138.7383133016741
98,mupliple_choice_rectangle.jpg,10,28865.269,2886.5269,164.10616065913905
98,vehicle_java.jpg,14,32796.583,2342.6130714285714,250.6824473254222
98,mupliple_choice_vehicle.jpg,1,651.847,651.847,261.98665996573186
99,rectangle_java2.jpg,32,34197.613,1068.67540625,136.1513055884169
99,mupliple_choice_rectangle.jpg,31,25466.330000000005,821.4945161290324,147.18268109898602
99,vehicle_java2.jpg,91,73103.03800000002,803.3300879120881,96.59931374576306
99,mupliple_choice_vehicle.jpg,46,34573.78,751.6039130434782,99.60902585165866
9,rectangle_java2.jpg,20,38829.678,1941.4839,98.8501765045564
9,mupliple_choice_rectangle.jpg,17,26061.751000000004,1533.0441764705884,162.0534793734909
9,vehicle_java2.jpg,20,69389.64000000001,3469.482000000001,117.71393475160036
9,mupliple_choice_vehicle.jpg,22,26822.291000000012,1219.195045454546,115.9192302483953
